[
   
    {
      "itemImg":"https://rukminim1.flixcart.com/image/416/416/juwzf680/headphone-refurbished/7/h/k/z-c100si-jbl-original-imaffxja5vmgwudz.jpeg?q=70",
      "itemBrand":"JBL",
      "itemdesc":"Remote Wired Headset",
      "itemratestar":"3.5",
      "itemPricemain":"749",
      "itemratingno":"1988",
      "itemPricesmall":"30",
      "itemcat":"electrical"
    },
    {
        "itemImg":"https://rukminim1.flixcart.com/image/416/416/ks99aq80/computer/y/z/7/na-gaming-laptop-lenovo-original-imag5ve3jvhgvsnx.jpeg?q=70",
        "itemBrand":"Lenovo IdeaPad",
        "itemdesc":"Gaming Core i5 11th Gen",
        "itemratestar":"3.5",
        "itemratingno":"2009",
        "itemPricemain":"53599",
        "itemPricesmall":"30",
        "itemcat":"electrical"
    }
  ]