[
   
    {
        "itemImg":"https://www.gotitabrands.com/wp-content/uploads/2019/04/Party-Wear-Dresses-For-Women-Sleeveless-Fit-And-Flare-Fashion-With-Belt-Latest-Fashion.jpg",
        "itemBrand":"Brand",
        "itemdesc":"Flare Outfit",
        "itemratingno":"1235",
        "itemratestar":"2",
        "itemPricemain":"200",
        "itemPricesmall":"30",
        "itemcat":"womencloth"
    },
    {
        "itemImg":"https://static.fibre2fashion.com/MemberResources/LeadResources/1/2019/8/Seller/19167233/Images/19167233_0_men-s-jacket.jpg?tr=w-320,h-320,cm-pad_resize,bg-F3F3F3",
        "itemBrand":"Brand",
        "itemdesc":"Mens Cotton Jacket",
        "itemratingno":"2070",
        "itemratestar":"3",
        "itemPricemain":"55",
        "itemPricesmall":"30",
        "itemcat":"mencloth"
    },
    {
        "itemImg":"https://5.imimg.com/data5/QU/SD/MY-30978037/black-leather-men-s-jacket-500x500.jpg",
        "itemBrand":"Brand",
        "itemdesc":"Leather Mens Jacket",
        "itemratingno":"4090",
        "itemratestar":"3",
        "itemPricemain":"200",
        "itemPricesmall":"30",
        "itemcat":"mencloth"
    },
    {
        "itemImg":"https://rukminim1.flixcart.com/image/832/832/xif0q/shopsy-t-shirt/x/g/8/xl-skb-try-this-original-imag6hqngemxvfst-bb.jpeg?q=70",
        "itemBrand":"Brand",
        "itemdesc":"Sweat shirt",
        "itemratingno":"2943",
        "itemratestar":"5",
        "itemPricemain":"200",
        "itemPricesmall":"30",
        "itemcat":"mencloth"
    },
    {
        "itemImg":"https://encrypted-tbn0.gstatic.com/images?q=tbn:ANd9GcTpwgrzpgQ7xZIH9uRy0X2LRM5nGXCpKK7JFFPWMy9dDTlWapqOHNntT3_HaiPuGDt74ng&usqp=CAU",
        "itemBrand":"Brand: W",
        "itemdesc":"Patchwork dress",
        "itemratingno":"3000",
        "itemPricemain":"3450",
        "itemratestar":"5",
        "itemPricesmall":"30",
        "itemcat":"womencloth"
    },
    {
        "itemImg":"https://cdn.shopify.com/s/files/1/0259/0713/products/20_Pointer_Platinum_Solitaire_Ring_for_Women_with_side_diamonds_SJ_PTO_307_by_Suranas_Jewelove.jpg?v=1568727740",
        "itemBrand":"Platinum",
        "itemdesc":"Women Ring",
        "itemratestar":"2",
        "itemPricemain":"90000",
        "itemratingno":"30",
        "itemPricesmall":"30",
        "itemcat":"womencloth"
    },
    {
        "itemImg":"https://staticimg.titan.co.in/Mia/Catalog/552819FDSAE22_2.jpg",
        "itemBrand":"Diamond",
        "itemdesc":"Women Gold Ring",
        "itemratestar":"3",
        "itemratingno":"1598",
        "itemPricemain":"200",
        "itemPricesmall":"30",
        "itemcat":"jewelery"
    },
    {
        "itemImg":"https://images-eu.ssl-images-amazon.com/images/I/814iogRTu5L.jpg",
        "itemBrand":"Brand, Wildmoda",
        "itemdesc":"Shoulder Bag",
        "itemratestar":"3",
        "itemratingno":"198",
        "itemPricemain":"200",
        "itemPricesmall":"30",
        "itemcat":"womencloth"

    },
    {
      "itemImg":"https://rukminim1.flixcart.com/image/612/612/xif0q/shoe/m/p/o/-original-imaggd7hd2rgryxk.jpeg?q=70",
      "itemBrand":"ADIDAS",
      "itemdesc":"Hiking & Trekking Shoes",
      "itemratestar":"5",
      "itemratingno":"19887",
      "itemPricemain":"15079",
      "itemPricesmall":"30",
      "itemcat":"mencloth"
    },
    {
      "itemImg":"https://rukminim1.flixcart.com/image/416/416/juwzf680/headphone-refurbished/7/h/k/z-c100si-jbl-original-imaffxja5vmgwudz.jpeg?q=70",
      "itemBrand":"JBL",
      "itemdesc":"Remote Wired Headset",
      "itemratestar":"3.5",
      "itemPricemain":"749",
      "itemratingno":"1988",
      "itemPricesmall":"30",
      "itemcat":"electrical"
    },
    {
        "itemImg":"https://rukminim1.flixcart.com/image/832/832/kupuljk0/earring/d/5/o/na-soli-swa-round-ear-stud-6mm-fhs-highspark-original-imag7rtszzg3srz7.jpeg?q=70",
        "itemBrand":"Tanishq",
        "itemdesc":"Diamond White Color",
        "itemratestar":"3.5",
        "itemratingno":"20",
        "itemPricemain":"100000",
        "itemPricesmall":"30",
        "itemcat":"jewelery"
    },
    {
        "itemImg":"https://rukminim1.flixcart.com/image/416/416/ks99aq80/computer/y/z/7/na-gaming-laptop-lenovo-original-imag5ve3jvhgvsnx.jpeg?q=70",
        "itemBrand":"Lenovo IdeaPad",
        "itemdesc":"Gaming Core i5 11th Gen",
        "itemratestar":"3.5",
        "itemratingno":"2009",
        "itemPricemain":"53599",
        "itemPricesmall":"30",
        "itemcat":"electrical"
    }
  ]