[
   
  {
    "itemImg":"https://rukminim1.flixcart.com/image/832/832/kupuljk0/earring/d/5/o/na-soli-swa-round-ear-stud-6mm-fhs-highspark-original-imag7rtszzg3srz7.jpeg?q=70",
    "itemBrand":"Tanishq",
    "itemdesc":"Diamond White Color",
    "itemratestar":"3.5",
    "itemratingno":"20",
    "itemPricemain":"100000",
    "itemPricesmall":"30",
    "itemcat":"jewelery"
},
{
  "itemImg":"https://staticimg.titan.co.in/Mia/Catalog/552819FDSAE22_2.jpg",
  "itemBrand":"Diamond",
  "itemdesc":"Women Gold Ring",
  "itemratestar":"3",
  "itemratingno":"1598",
  "itemPricemain":"200",
  "itemPricesmall":"30",
  "itemcat":"jewelery"
}
  ]