[
   
   
    {
        "itemImg":"https://static.fibre2fashion.com/MemberResources/LeadResources/1/2019/8/Seller/19167233/Images/19167233_0_men-s-jacket.jpg?tr=w-320,h-320,cm-pad_resize,bg-F3F3F3",
        "itemBrand":"Brand",
        "itemdesc":"Mens Cotton Jacket",
        "itemratingno":"2070",
        "itemratestar":"3",
        "itemPricemain":"55",
        "itemPricesmall":"30",
        "itemcat":"mencloth"
    },
    {
        "itemImg":"https://5.imimg.com/data5/QU/SD/MY-30978037/black-leather-men-s-jacket-500x500.jpg",
        "itemBrand":"Brand",
        "itemdesc":"Leather Mens Jacket",
        "itemratingno":"4090",
        "itemratestar":"3",
        "itemPricemain":"200",
        "itemPricesmall":"30",
        "itemcat":"mencloth"
    },
    {
        "itemImg":"https://rukminim1.flixcart.com/image/832/832/xif0q/shopsy-t-shirt/x/g/8/xl-skb-try-this-original-imag6hqngemxvfst-bb.jpeg?q=70",
        "itemBrand":"Brand",
        "itemdesc":"Sweat shirt",
        "itemratingno":"2943",
        "itemratestar":"5",
        "itemPricemain":"200",
        "itemPricesmall":"30",
        "itemcat":"mencloth"
    },
   
    {
      "itemImg":"https://rukminim1.flixcart.com/image/612/612/xif0q/shoe/m/p/o/-original-imaggd7hd2rgryxk.jpeg?q=70",
      "itemBrand":"ADIDAS",
      "itemdesc":"Hiking & Trekking Shoes",
      "itemratestar":"5",
      "itemratingno":"19887",
      "itemPricemain":"15079",
      "itemPricesmall":"30",
      "itemcat":"mencloth"
    }
   
  ]