[
   
    {
        "itemImg":"https://www.gotitabrands.com/wp-content/uploads/2019/04/Party-Wear-Dresses-For-Women-Sleeveless-Fit-And-Flare-Fashion-With-Belt-Latest-Fashion.jpg",
        "itemBrand":"Brand",
        "itemdesc":"Flare Outfit",
        "itemratingno":"1235",
        "itemratestar":"2",
        "itemPricemain":"200",
        "itemPricesmall":"30",
        "itemcat":"womencloth"
    },
    {
        "itemImg":"https://encrypted-tbn0.gstatic.com/images?q=tbn:ANd9GcTpwgrzpgQ7xZIH9uRy0X2LRM5nGXCpKK7JFFPWMy9dDTlWapqOHNntT3_HaiPuGDt74ng&usqp=CAU",
        "itemBrand":"Brand: W",
        "itemdesc":"Patchwork dress",
        "itemratingno":"3000",
        "itemPricemain":"3450",
        "itemratestar":"5",
        "itemPricesmall":"30",
        "itemcat":"womencloth"
    },
    {
        "itemImg":"https://cdn.shopify.com/s/files/1/0259/0713/products/20_Pointer_Platinum_Solitaire_Ring_for_Women_with_side_diamonds_SJ_PTO_307_by_Suranas_Jewelove.jpg?v=1568727740",
        "itemBrand":"Platinum",
        "itemdesc":"Women Ring",
        "itemratestar":"2",
        "itemPricemain":"90000",
        "itemratingno":"30",
        "itemPricesmall":"30",
        "itemcat":"womencloth"
    },
    {
        "itemImg":"https://staticimg.titan.co.in/Mia/Catalog/552819FDSAE22_2.jpg",
        "itemBrand":"Diamond",
        "itemdesc":"Women Gold Ring",
        "itemratestar":"3",
        "itemratingno":"1598",
        "itemPricemain":"200",
        "itemPricesmall":"30",
        "itemcat":"womencloth"
    },
    {
        "itemImg":"https://images-eu.ssl-images-amazon.com/images/I/814iogRTu5L.jpg",
        "itemBrand":"Brand, Wildmoda",
        "itemdesc":"Shoulder Bag",
        "itemratestar":"3",
        "itemratingno":"198",
        "itemPricemain":"200",
        "itemPricesmall":"30",
        "itemcat":"womencloth"

    }
    
  ]